Plate:25-3869, Slot:1, Type:1, Duration:53.75, Paid:2687.40
Plate:25-3869, Slot:1, Type:1, Duration:105.71, Paid:5285.65
IR|ENTRY|49-0102|1|1785247813
ENTRY,49-0102,1,1,0.00,0.00,Subscribed entry,1785247813
IR|ENTRY|49-0203|51|1785247878
ENTRY,49-0203,51,1,0.00,0.00,Cash entry,1785247878
EXIT,49-0102,1,1,1.02,0.00,Subscription checkout,1785247900
IR|EXIT|49-0102|1|1785247900
EXIT,49-0203,51,1,1.02,50.82,Cash checkout,1785247937
IR|EXIT|49-0203|51|1785247937
IR|ENTRY|49-1230|1|1785604447
ENTRY,49-1230,1,1,0.00,0.00,Subscribed entry,1785604447
ENTRY,25-2525,51,Cash check-in,1786544549
EXIT,25-2525,51,Cash checkout,1786544561
EXIT,49-1230,1,1,291.12,0.00,Subscription checkout,1786648891
IR|EXIT|49-1230|1|1786648891
ENTRY,49-2525,1,Subscriber check-in,1786821844
